{"cameraMode":{"drawMode":0,"name":"Shaded","section":"Shading Mode"},"sceneLighting":false,"audioPlay":false,"sceneViewState":{"m_AlwaysRefresh":false,"showFog":true,"showSkybox":true,"showFlares":true,"showImageEffects":true,"showParticleSystems":true,"showVisualEffectGraphs":true,"m_FxEnabled":true},"in2DMode":false,"pivot":{"x":55.272586822509769,"y":-2.0615687370300295,"z":9.417257308959961},"rotation":{"x":-0.16685493290424348,"y":-0.31451472640037539,"z":0.056258153170347217,"w":-0.9328194260597229},"size":7.539247512817383,"orthographic":false}